[
  {
    "model": "app.CustomUser",
    "pk": 1,
    "fields": {
      "first_name": "test",
      "last_name": "user1",
      "age": 30,
      "location": "Nowhere",
      "username": "testuser1",
      "password": "pbkdf2_sha256$10000$ZHOw9OR9fcTF$2idLgCfsjsUWLASvzcsUJDxwiM9TUA8kchqURk31iHU=",
      "email": "1@gmail.com",
      "badges": [1,2],
      "active": "True"
    }
  },
  {
    "model": "app.CustomUser",
    "pk": 2,
    "fields": {
      "first_name": "test",
      "last_name": "user2",
      "age": 30,
      "location": "Here",
      "username": "testuser2",
      "password": "pbkdf2_sha256$10000$ZHOw9OR9fcTF$2idLgCfsjsUWLASvzcsUJDxwiM9TUA8kchqURk31iHU=",
      "email": "2@gmail.com",
      "badges": [1],
      "active": "True"
    }
  },
  {
    "model": "app.CustomUser",
    "pk": 3,
    "fields": {
      "first_name": "test",
      "last_name": "user3",
      "age": 30,
      "location": "There",
      "username": "testuser3",
      "password": "pbkdf2_sha256$10000$ZHOw9OR9fcTF$2idLgCfsjsUWLASvzcsUJDxwiM9TUA8kchqURk31iHU=",
      "email": "3@gmail.com",
      "active": "True"
    }
  },
  {
    "model": "app.CustomUser",
    "pk": 4,
    "fields": {
      "first_name": "test",
      "last_name": "user4",
      "age": 30,
      "location": "Everywhere",
      "username": "testuser4",
      "password": "pbkdf2_sha256$10000$ZHOw9OR9fcTF$2idLgCfsjsUWLASvzcsUJDxwiM9TUA8kchqURk31iHU=",
      "email": "4@gmail.com",
      "active": "True"
    }
  },
  {
    "model": "app.CustomUser",
    "pk": 5,
    "fields": {
      "username": "vote_initializer",
      "password": "pbkdf2_sha256$10000$ZHOw9OR9fcTF$2idLgCfsjsUWLASvzcsUJDxwiM9TUA8kchqURk31iHU=",
      "email": "none@gmail.com"
    }
  },
  {
    "model": "app.Question",
    "pk": 1,
    "fields": {
      "title": "My queue overflowed, how can I fix this?",
      "content": "This is a question. Lorem ipsum dolor sit amet, consectetur adipisicing elit, sed do eiusmod tempor incididunt ut labore et dolore magna aliqua. Ut enim ad minim veniam, quis nostrud exercitation ullamco laboris nisi ut aliquip ex ea commodo consequat. Duis aute irure dolor in reprehenderit in voluptate velit esse cillum dolore eu fugiat nulla pariatur. Excepteur sint occaecat cupidatat non proident, sunt in culpa qui officia deserunt mollit anim id est laborum.",
      "user": 1,
      "tags": [1,2],
      "datetime": "2010-05-20T20:08:21.634121"
    }
  },
  {
    "model": "app.Question",
    "pk": 2,
    "fields": {
      "title": "Mysterious sql error defies all logic",
      "content": "This is a question. Lorem ipsum dolor sit amet, consectetur adipisicing elit, sed do eiusmod tempor incididunt ut labore et dolore magna aliqua. Ut enim ad minim veniam, quis nostrud exercitation ullamco laboris nisi ut aliquip ex ea commodo consequat. Duis aute irure dolor in reprehenderit in voluptate velit esse cillum dolore eu fugiat nulla pariatur. Excepteur sint occaecat cupidatat non proident, sunt in culpa qui officia deserunt mollit anim id est laborum.",
      "user": 1,
      "tags": [1,2],
      "datetime": "2011-06-20T20:08:22.634121"
    }
  },
  {
    "model": "app.Question",
    "pk": 3,
    "fields": {
      "title": "Best way to seed my app with dummy data?",
      "content": "This is a question. Lorem ipsum dolor sit amet, consectetur adipisicing elit, sed do eiusmod tempor incididunt ut labore et dolore magna aliqua. Ut enim ad minim veniam, quis nostrud exercitation ullamco laboris nisi ut aliquip ex ea commodo consequat. Duis aute irure dolor in reprehenderit in voluptate velit esse cillum dolore eu fugiat nulla pariatur. Excepteur sint occaecat cupidatat non proident, sunt in culpa qui officia deserunt mollit anim id est laborum.",
      "user": 1,
      "tags": [3,4],
      "datetime": "2012-07-20T20:08:23.634121"
    }
  },
  {
    "model": "app.Question",
    "pk": 4,
    "fields": {
      "title": "My program outputs '42' every time. What gives?",
      "content": "This is a question. Lorem ipsum dolor sit amet, consectetur adipisicing elit, sed do eiusmod tempor incididunt ut labore et dolore magna aliqua. Ut enim ad minim veniam, quis nostrud exercitation ullamco laboris nisi ut aliquip ex ea commodo consequat. Duis aute irure dolor in reprehenderit in voluptate velit esse cillum dolore eu fugiat nulla pariatur. Excepteur sint occaecat cupidatat non proident, sunt in culpa qui officia deserunt mollit anim id est laborum.",
      "user": 2,
      "tags": [3,4,5],
      "datetime": "2012-08-20T20:08:24.634121"
    }
  },
  {
    "model": "app.QVote",
    "pk": 1,
    "fields": {
      "user":"1",
      "question": "1",
      "vote": "1"
    }
  },
  {
    "model": "app.QVote",
    "pk": 2,
    "fields": {
      "user":"2",
      "question": "1",
      "vote": "1"
    }
  },
  {
    "model": "app.QVote",
    "pk": 3,
    "fields": {
      "user":"3",
      "question": "1",
      "vote": "1"
    }
  },
  {
    "model": "app.QVote",
    "pk": 4,
    "fields": {
      "user":"3",
      "question": "1",
      "vote": "-1"
    }
  },
  {
    "model": "app.QVote",
    "pk": 5,
    "fields": {
      "user":"1",
      "question": "2",
      "vote": "1"
    }
  },
  {
    "model": "app.QVote",
    "pk": 6,
    "fields": {
      "user":"2",
      "question": "2",
      "vote": "1"
    }
  },
  {
    "model": "app.QVote",
    "pk": 7,
    "fields": {
      "user":"3",
      "question": "2",
      "vote": "1"
    }
  },
  {
    "model": "app.QVote",
    "pk": 8,
    "fields": {
      "user":"4",
      "question": "2",
      "vote": "1"
    }
  },
  {
    "model": "app.QVote",
    "pk": 9,
    "fields": {
      "user":"1",
      "question": "3",
      "vote": "-1"
    }
  },
  {
    "model": "app.QVote",
    "pk": 10,
    "fields": {
      "user":"2",
      "question": "3",
      "vote": "-1"
    }
  },
  {
    "model": "app.QVote",
    "pk": 11,
    "fields": {
      "user":"3",
      "question": "3",
      "vote": "-1"
    }
  },
  {
    "model": "app.QVote",
    "pk": 12,
    "fields": {
      "user":"4",
      "question": "3",
      "vote": "-1"
    }
  },
  {
    "model": "app.QVote",
    "pk": 13,
    "fields": {
      "user":"5",
      "question": "3",
      "vote": "-1"
    }
  },
  {
    "model": "app.QVote",
    "pk": 14,
    "fields": {
      "user":"3",
      "question": "4",
      "vote": "1"
    }
  },
  {
    "model": "app.AVote",
    "pk": 1,
    "fields": {
      "user":"1",
      "answer": "4",
      "vote": "1"
    }
  },
  {
    "model": "app.AVote",
    "pk": 2,
    "fields": {
      "user":"2",
      "answer": "4",
      "vote": "-1"
    }
  },
  {
    "model": "app.AVote",
    "pk": 3,
    "fields": {
      "user":"3",
      "answer": "3",
      "vote": "1"
    }
  },
  {
    "model": "app.AVote",
    "pk": 4,
    "fields": {
      "user":"3",
      "answer": "2",
      "vote": "1"
    }
  },
  {
    "model": "app.AVote",
    "pk": 5,
    "fields": {
      "user":"2",
      "answer": "1",
      "vote": "-1"
    }
  },
  {
    "model": "app.AVote",
    "pk": 6,
    "fields": {
      "user":"1",
      "answer": "1",
      "vote": "-1"
    }
  },
  {
    "model": "app.AVote",
    "pk": 7,
    "fields": {
      "user":"1",
      "answer": "5",
      "vote": "-1"
    }
  },
  {
    "model": "app.Answer",
    "pk": 1,
    "fields": {
      "user":"1",
      "question": "3",
      "content":"This is an answer. Lorem ipsum dolor sit amet, consectetur adipisicing elit, sed do eiusmod tempor incididunt ut labore et dolore magna aliqua. Ut enim ad minim veniam, quis nostrud exercitation ullamco laboris nisi ut aliquip ex ea commodo consequat. Duis aute irure dolor in reprehenderit in voluptate velit esse cillum dolore eu fugiat nulla pariatur. Excepteur sint occaecat cupidatat non proident, sunt in culpa qui officia deserunt mollit anim id est laborum.",
      "datetime": "2010-04-20T20:08:24.634121"
    }
  },
  {
    "model": "app.Answer",
    "pk": 2,
    "fields": {
      "user":"2",
      "question": "3",
      "content":"This is an answer. Lorem ipsum dolor sit amet, consectetur adipisicing elit, sed do eiusmod tempor incididunt ut labore et dolore magna aliqua. Ut enim ad minim veniam, quis nostrud exercitation ullamco laboris nisi ut aliquip ex ea commodo consequat. Duis aute irure dolor in reprehenderit in voluptate velit esse cillum dolore eu fugiat nulla pariatur. Excepteur sint occaecat cupidatat non proident, sunt in culpa qui officia deserunt mollit anim id est laborum.",
      "datetime": "2010-05-20T20:08:24.634121"
    }
  },
  {
    "model": "app.Answer",
    "pk": 3,
    "fields": {
      "user":"2",
      "question": "1",
      "content":"This is an answer. Lorem ipsum dolor sit amet, consectetur adipisicing elit, sed do eiusmod tempor incididunt ut labore et dolore magna aliqua. Ut enim ad minim veniam, quis nostrud exercitation ullamco laboris nisi ut aliquip ex ea commodo consequat. Duis aute irure dolor in reprehenderit in voluptate velit esse cillum dolore eu fugiat nulla pariatur. Excepteur sint occaecat cupidatat non proident, sunt in culpa qui officia deserunt mollit anim id est laborum.",
      "datetime": "2010-06-20T20:08:24.634121"
    }
  },
  {
    "model": "app.Answer",
    "pk": 4,
    "fields": {
      "user":"3",
      "question": "1",
      "content":"This is an answer. Lorem ipsum dolor sit amet, consectetur adipisicing elit, sed do eiusmod tempor incididunt ut labore et dolore magna aliqua. Ut enim ad minim veniam, quis nostrud exercitation ullamco laboris nisi ut aliquip ex ea commodo consequat. Duis aute irure dolor in reprehenderit in voluptate velit esse cillum dolore eu fugiat nulla pariatur. Excepteur sint occaecat cupidatat non proident, sunt in culpa qui officia deserunt mollit anim id est laborum.",
      "datetime": "2012-12-20T20:08:24.634121"
    }
  },
  {
    "model": "app.Answer",
    "pk": 5,
    "fields": {
      "user":"3",
      "question": "1",
      "content":"This is an answer. Lorem ipsum dolor sit amet, consectetur adipisicing elit, sed do eiusmod tempor incididunt ut labore et dolore magna aliqua. Ut enim ad minim veniam, quis nostrud exercitation ullamco laboris nisi ut aliquip ex ea commodo consequat. Duis aute irure dolor in reprehenderit in voluptate velit esse cillum dolore eu fugiat nulla pariatur. Excepteur sint occaecat cupidatat non proident, sunt in culpa qui officia deserunt mollit anim id est laborum.",
      "datetime": "2012-11-20T20:08:24.634121"
    }
  },
  {
    "model": "app.Badge",
    "pk": 1,
    "fields": {
      "name":"Answer Guru",
      "description": "Have the highest rated answer in at least 5 questions with at least 5 answers",
      "users":[1,2]
    }
  },
  {
    "model": "app.Badge",
    "pk": 2,
    "fields": {
      "name":"Discussion Leader",
      "description": "Ask at least 5 questions that garner at least 5 answers"
    }
  },
  {
    "model": "app.Badge",
    "pk": 3,
    "fields": {
      "name":"Veteran Asker",
      "description": "Accumulate a total of 100 upvotes on posted questions",
      "users":[1,3]
    }
  },
  {
    "model": "app.Badge",
    "pk": 4,
    "fields": {
      "name":"Veteran Answerer",
      "description": "Accumulate a total of 100 upvotes on posted answers",
      "users":[4]
    }
  },
  {
    "model": "app.Badge",
    "pk": 5,
    "fields": {
      "name":"Veteran Voter",
      "description": "Vote 100 times",
      "users":[1,2,3,4]
    }
  },
  {
    "model": "app.Tag",
    "pk": 1,
    "fields": {
      "name":"Tag1",
      "questions":[1,2]
    }
  },
  {
    "model": "app.Tag",
    "pk": 2,
    "fields": {
      "name":"Tag2",
      "questions":[1,2]
    }
  },
  {
    "model": "app.Tag",
    "pk": 3,
    "fields": {
      "name":"Tag3",
      "questions":[3,4]
    }
  },
  {
    "model": "app.Tag",
    "pk": 4,
    "fields": {
      "name":"Tag4",
      "questions":[3,4]
    }
  },
  {
    "model": "app.Tag",
    "pk": 5,
    "fields": {
      "name":"Tag5",
      "questions":[4]
    }
  }
]
